<?xml version="1.0" encoding="UTF-8"?>
<jcr:root xmlns:sling="http://sling.apache.org/jcr/sling/1.0" xmlns:cq="http://www.day.com/jcr/cq/1.0" xmlns:jcr="http://www.jcp.org/jcr/1.0" xmlns:nt="http://www.jcp.org/jcr/nt/1.0"
          jcr:primaryType="cq:Page">
    <jcr:content
            jcr:mixinTypes="[sling:VanityPath]"
            jcr:primaryType="nt:unstructured"
            jcr:title="AEM Inbox"
            sling:resourceType="granite/ui/components/foundation/page"
            sling:vanityOrder="{Long}251"
            sling:vanityPath="/notifications">
        <head/>
        <body
                jcr:primaryType="nt:unstructured"
                sling:resourceType="granite/ui/components/foundation/page/body">
            <layout/>
            <content
                    jcr:primaryType="nt:unstructured"
                    sling:resourceType="granite/ui/components/foundation/container"
                    class="cq-notifications-content">
                <layout/>
                <current
                        jcr:primaryType="nt:unstructured"
                        sling:resourceType="granite/ui/components/foundation/container"
                        class="hide-steps">
                    <layout/>
                    <items jcr:primaryType="nt:unstructured">
                        <inbox
                                jcr:primaryType="nt:unstructured"
                                jcr:title="Notifications"
                                sling:resourceType="granite/ui/components/foundation/container">
                            <layout/>
                            <header
                                    jcr:primaryType="nt:unstructured"
                                    sling:resourceType="granite/ui/components/foundation/container">
                                <layout/>
                                <items jcr:primaryType="nt:unstructured">
                                    <default/>
                                    <selection
                                            jcr:primaryType="nt:unstructured"
                                            sling:resourceType="granite/ui/components/foundation/navigation">
                                        <layout/>
                                        <items jcr:primaryType="nt:unstructured">
                                            <selectall/>
                                            <completetask/>
                                            <completeproject/>
                                            <completeworkitem/>
                                            <stepbackworkitem/>
                                            <delegeteworkitem/>
                                            <taskdetails/>
                                            <failuredetails/>
                                            <workitemdetails/>
                                            <selectionstatus/>
                                            <rejectworkitem
                                                    jcr:primaryType="nt:unstructured"
                                                    sling:resourceType="granite/ui/components/endor/actionbar/button"
                                                    class="cq-inbox-collection-action"
                                                    cq-inbox-collection-action="\{&quot;target&quot;: &quot;.cq-inbox-notifications&quot;, &quot;activeSelectionCount&quot;: &quot;multiple&quot;,&quot;types&quot;: [&quot;WorkItem&quot;,&quot;FailureItem&quot;]}"
                                                    hideText="{Boolean}true"
                                                    href="/apps/cq/workflow/content/notifications/reject.html"
                                                    icon="icon-user"
                                                    rel="cq-inbox-item-activator"
                                                    target=".cq-inbox-notifications"
                                                    text="Reject"
                                                    title="Rejects the selected workflow item to another user or group"/>
                                        </items>
                                    </selection>
                                    <filterContents/>
                                </items>
                            </header>
                            <content/>
                        </inbox>
                    </items>
                </current>
            </content>
        </body>
    </jcr:content>
    <completeproject/>
    <completetask/>
    <completeworkitem/>
    <delegate/>
    <stepback/>
    <failuredetails/>
    <workitemdetails/>
    <reject/>
</jcr:root>
