<?xml version="1.0" encoding="UTF-8"?>
<jcr:root xmlns:sling="http://sling.apache.org/jcr/sling/1.0" xmlns:vlt="http://www.day.com/jcr/vault/1.0" xmlns:jcr="http://www.jcp.org/jcr/1.0" xmlns:nt="http://www.jcp.org/jcr/nt/1.0"
          jcr:mixinTypes="[vlt:FullCoverage]"
          jcr:primaryType="sling:OrderedFolder"
          sling:resourceType="granite/ui/components/foundation/contsys">
    <items jcr:primaryType="nt:unstructured">
        <actionbarcontainer
                jcr:primaryType="nt:unstructured"
                sling:resourceType="granite/ui/components/foundation/container">
            <layout
                    jcr:primaryType="nt:unstructured"
                    group="cq-inbox-reject"
                    name="foundation-layout-mode"/>
            <items jcr:primaryType="nt:unstructured">
                <default
                        jcr:primaryType="nt:unstructured"
                        sling:resourceType="granite/ui/components/foundation/navigation"
                        class="mode-default">
                    <layout
                            jcr:primaryType="nt:unstructured"
                            sling:resourceType="granite/ui/components/endor/layouts/actionbar"/>
                    <items jcr:primaryType="nt:unstructured">
                        <back
                                jcr:primaryType="nt:unstructured"
                                sling:resourceType="granite/ui/components/endor/actionbar/button"
                                foundation-content-control-action="back"
                                hideText="{Boolean}true"
                                icon="icon-chevron-left"
                                rel="foundation-content-control"
                                text="Back"
                                title="Back"/>
                        <complete
                                jcr:primaryType="nt:unstructured"
                                sling:resourceType="granite/ui/components/endor/actionbar/button"
                                align="right"
                                class="button primary reject cq-button-primary-reject"
                                formId="updateworkitemform"
                                icon="coral-Icon--check"
                                text="Reject"
                                type="button"/>
                        <title
                                jcr:primaryType="nt:unstructured"
                                sling:resourceType="granite/ui/components/foundation/heading"
                                align="center"
                                class="cq-workflow-inbox-title"
                                level="{Long}1"
                                text="Reject Item">
                            <layoutConfig
                                    jcr:primaryType="nt:unstructured"
                                    align="right"/>
                        </title>
                    </items>
                </default>
            </items>
        </actionbarcontainer>
        <content
                jcr:primaryType="nt:unstructured"
                sling:resourceType="cq/workflow/gui/components/inbox/updateworkitem"
                foundation-form-output-replace=".foundation-content"
                foundation-mode-group="cq-inbox-delegate"
                id="rejectworkitemform"
                model-form-ajax="{Boolean}true"
                model-submit-function="reject"
                redirect="{Boolean}false">
            <items jcr:primaryType="nt:unstructured">
                <itemdetails
                        jcr:primaryType="nt:unstructured"
                        sling:resourceType="cq/taskmanagement/gui/components/itemdetails">
                    <items jcr:primaryType="nt:unstructured">
                        <well
                                jcr:primaryType="nt:unstructured"
                                sling:resourceType="granite/ui/components/foundation/well">
                            <items jcr:primaryType="nt:unstructured">
                                <comment
                                        jcr:primaryType="nt:unstructured"
                                        sling:resourceType="granite/ui/components/foundation/form/textarea"
                                        emptyText="Optional comment to describe what has been done."
                                        fieldLabel="Comment"
                                        name="comment"
                                        renderReadOnly="{Boolean}false"/>
                                <payload
                                        jcr:primaryType="nt:unstructured"
                                        sling:resourceType="granite/ui/components/foundation/form/textfield"
                                        fieldLabel="Payload"
                                        name="payloadTitle"
                                        renderReadOnly="{Boolean}true"/>
                            </items>
                        </well>
                    </items>
                </itemdetails>
            </items>
        </content>
    </items>
</jcr:root>
