<?xml version="1.0" encoding="UTF-8"?>
<jcr:root xmlns:sling="http://sling.apache.org/jcr/sling/1.0" xmlns:cq="http://www.day.com/jcr/cq/1.0" xmlns:jcr="http://www.jcp.org/jcr/1.0" xmlns:nt="http://www.jcp.org/jcr/nt/1.0"
          jcr:primaryType="nt:unstructured"
          jcr:title="Edit: Tools Menu"
          sling:resourceType="cq/gui/components/authoring/dialog">
    <content
            jcr:primaryType="nt:unstructured"
            sling:resourceType="granite/ui/components/foundation/container">
        <layout
                jcr:primaryType="nt:unstructured"
                sling:resourceType="granite/ui/components/foundation/layouts/tabs"
                type="nav"/>
            <items jcr:primaryType="nt:unstructured">
              <toolsMenu
                      jcr:primaryType="nt:unstructured"
                      jcr:title="Configure"
                      sling:resourceType="granite/ui/components/foundation/section">
                  <layout
                          jcr:primaryType="nt:unstructured"
                          sling:resourceType="granite/ui/components/foundation/layouts/fixedcolumns"/>
                  <items jcr:primaryType="nt:unstructured">
                      <column
                              jcr:primaryType="nt:unstructured"
                              sling:resourceType="granite/ui/components/foundation/container">
                          <items jcr:primaryType="nt:unstructured">
	                          <toolHeading
	                                jcr:primaryType="nt:unstructured"
	                                sling:resourceType="granite/ui/components/foundation/form/textfield"
	                                fieldLabel="Section Heading"
	                                name="./toolsHeading"
							  		required="{Boolean}true"/>
	                          <toolDescription
	                                jcr:primaryType="nt:unstructured"
	                                sling:resourceType="granite/ui/components/foundation/form/textfield"
	                                fieldLabel="Section Description"
	                                name="./toolsDescription"/>		
                               <tool
                                      jcr:primaryType="nt:unstructured"
                                      sling:resourceType="granite/ui/components/foundation/form/multifield"
                                      fieldLabel="Add Sub Sections">
                                  <field
                                          jcr:primaryType="nt:unstructured"
                                          sling:resourceType="granite/ui/components/foundation/form/fieldset"
                                          acs-commons-nested=""
                                          name="./toolsMenu">
                                      <layout
                                              jcr:primaryType="nt:unstructured"
                                              sling:resourceType="granite/ui/components/foundation/layouts/fixedcolumns"
                                              method="absolute"/>
                                      <items jcr:primaryType="nt:unstructured">
                                          <column
                                                  jcr:primaryType="nt:unstructured"
                                                  sling:resourceType="granite/ui/components/foundation/container">
                                              <items jcr:primaryType="nt:unstructured">
                                                 <clientLib
													jcr:primaryType="nt:unstructured"
													sling:resourceType="granite/ui/components/foundation/form/select"
													fieldLabel="Select the Icon"
													name="./toolsIcon"
                                                    folderPath="/content/dam/global/tools-menu-icons">
													<datasource
														jcr:primaryType="nt:unstructured"
														sling:resourceType="/apps/global/components/shared-datasource/menuIcons"
														addNone="true"/>
												</clientLib>
                                                  <toolName
						                                jcr:primaryType="nt:unstructured"
						                                sling:resourceType="granite/ui/components/foundation/form/textfield"
						                                fieldLabel="Menu Name"
						                                name="./menuName"/>
                                                  <URL
						                                jcr:primaryType="nt:unstructured"
						                                sling:resourceType="granite/ui/components/foundation/form/pathbrowser"
						                                fieldLabel="URL"
						                                rootPath = "/content"
						                                name="./menuURL"/>
						                           <parameters
						                                jcr:primaryType="nt:unstructured"
						                                sling:resourceType="granite/ui/components/foundation/form/textfield"
						                                fieldLabel="Additional URL Params"
						                                name="./menuParams"/>
						                            <decorative
														jcr:primaryType="nt:unstructured"
														sling:resourceType="granite/ui/components/foundation/form/checkbox"
														fieldDescription="Open in New Tab?"
														fieldLabel="Open in new tab"
														name="./menuNewTab"
														text="Open in New Tab"
														title="Open CTA link in a new tab"
														value="{Boolean}true"/>
                                              </items>
                                          </column>
                                      </items>
                                  </field>
                              </tool>
                          </items>
                      </column>
                  </items>
              </toolsMenu>
         </items>
     </content>
</jcr:root>
