<?xml version="1.0" encoding="UTF-8"?>
<jcr:root xmlns:sling="http://sling.apache.org/jcr/sling/1.0" xmlns:cq="http://www.day.com/jcr/cq/1.0" xmlns:jcr="http://www.jcp.org/jcr/1.0" xmlns:nt="http://www.jcp.org/jcr/nt/1.0"
    jcr:primaryType="cq:Page">
    <jcr:content
        jcr:mixinTypes="[sling:VanityPath]"
        jcr:primaryType="nt:unstructured"
        jcr:title="AEM Sites"
        sling:resourceType="granite/ui/components/foundation/page"
        sling:vanityOrder="{Long}301"
        sling:vanityPath="/sites">
        <redirector/>
        <head/>
        <body
            jcr:primaryType="nt:unstructured"
            sling:resourceType="granite/ui/components/foundation/page/body">
            <layout/>
            <rail/>
            <breadcrumbs/>
            <title/>
            <header/>
            <content
                jcr:primaryType="nt:unstructured"
                sling:resourceType="granite/ui/components/foundation/container">
                <layout/>
                <aside/>
                <header
                    jcr:primaryType="nt:unstructured"
                    sling:resourceType="granite/ui/components/foundation/container">
                    <layout/>
                    <items jcr:primaryType="nt:unstructured">
                        <default/>
                        <selection
                            jcr:primaryType="nt:unstructured"
                            sling:resourceType="granite/ui/components/foundation/navigation">
                            <layout/>
                            <items jcr:primaryType="nt:unstructured">
                                <search/>
                                <timeline/>
                                <references/>
                                <toggleselectionmode/>
                                <create/>
                                <open/>
                                <viewproperties/>
                                <viewfolderproperties/>
                                <openContentInsight/>
                                <lockpage/>
                                <unlockpage/>
                                <copypage/>
                                <movepage/>
                                <publish
                                    jcr:primaryType="nt:unstructured"
                                    sling:resourceType="granite/ui/components/endor/actionbar/pulldownlink"
                                    class="foundation-collection-action"
                                    foundation-collection-action="\{&quot;target&quot;: &quot;.cq-siteadmin-admin-childpages&quot;, &quot;activeSelectionCount&quot;: &quot;multiple&quot;}"
                                    icon="icon-globe"
                                    rel="cq-siteadmin-admin-actions-publish-activator"
                                    text="Publish"
                                    title="Publish">
                                    <items jcr:primaryType="nt:unstructured">
                                        <now
                                            jcr:primaryType="nt:unstructured"
                                            sling:resourceType="granite/ui/components/foundation/collection/actionlink"
                                            action="cq.wcm.publish"
                                            target=".cq-siteadmin-admin-childpages"
                                            text="Publish">
                                            <data
                                                jcr:primaryType="nt:unstructured"
                                                referenceSrc="/libs/wcm/core/content/reference.json?_charset_=utf-8{&amp;path*}"
                                                wizardSrc.uritemplate="/libs/wcm/core/content/sites/publishpagewizard.html?_charset_=utf-8{&amp;item*}"/>
                                        </now>
                                    </items>
                                </publish>
                                <unpublish
                                    jcr:primaryType="nt:unstructured"
                                    sling:resourceType="granite/ui/components/endor/actionbar/pulldownlink"
                                    class="foundation-collection-action"
                                    foundation-collection-action="\{&quot;target&quot;: &quot;.cq-siteadmin-admin-childpages&quot;, &quot;activeSelectionCount&quot;: &quot;multiple&quot;}"
                                    icon="icon-globe-remove"
                                    rel="cq-siteadmin-admin-actions-unpublish-activator"
                                    text="Unpublish"
                                    title="Unpublish">
                                    <items jcr:primaryType="nt:unstructured">
                                        <now
                                            jcr:primaryType="nt:unstructured"
                                            sling:resourceType="granite/ui/components/foundation/collection/actionlink"
                                            action="cq.wcm.unpublish"
                                            target=".cq-siteadmin-admin-childpages"
                                            text="Unpublish"/>
                                    </items>
                                </unpublish>
                                <deletepage/>
                                <togglelayout/>
                                <analyticsTimeFrame/>
                                <selectionstatus/>
                            </items>
                        </selection>
                    </items>
                </header>
                <content/>
            </content>
        </body>
    </jcr:content>
    <properties/>
    <folderproperties/>
    <createpagewizard/>
    <createsitewizard/>
    <createlaunchwizard/>
    <createlivecopywizard/>
    <movepagewizard/>
    <publishpagewizard/>
    <unpublishpagewizard/>
    <promotelaunchwizard/>
    <editlivecopywizard/>
    <column/>
    <previewcolumn/>
</jcr:root>
