<?xml version="1.0" encoding="UTF-8"?>
<jcr:root xmlns:sling="http://sling.apache.org/jcr/sling/1.0" xmlns:cq="http://www.day.com/jcr/cq/1.0" xmlns:jcr="http://www.jcp.org/jcr/1.0" xmlns:nt="http://www.jcp.org/jcr/nt/1.0"
          jcr:isCheckedOut="{Boolean}false"
          jcr:primaryType="cq:WorkflowModel"
          sling:resourceType="cq/workflow/components/model"
          description="No Description"
          title="Auspost Global Activate Workflow">
    <metaData
            cq:lastModified="{Long}1460958124747"
            cq:lastModifiedBy="admin"
            jcr:primaryType="nt:unstructured"/>
    <nodes jcr:primaryType="nt:unstructured">
        <node0
                jcr:primaryType="cq:WorkflowNode"
                title="Start"
                type="START">
            <metaData jcr:primaryType="nt:unstructured"/>
        </node0>
        <node1
                jcr:primaryType="cq:WorkflowNode"
                description="Verify User Action"
                title="Verify User Action"
                type="PROCESS">
            <metaData
                    jcr:primaryType="nt:unstructured"
                    PROCESS="au.com.auspost.global.core.workflow.VerifyAction"
                    PROCESS_AUTO_ADVANCE="true"/>
        </node1>
        <node2
                jcr:primaryType="cq:WorkflowNode"
                title="OR_SPLIT"
                type="OR_SPLIT">
            <metaData jcr:primaryType="nt:unstructured"/>
        </node2>
        <node3
                jcr:primaryType="cq:WorkflowNode"
                title="OR_JOIN"
                type="OR_JOIN">
            <metaData jcr:primaryType="nt:unstructured"/>
        </node3>
        <node4
                jcr:primaryType="cq:WorkflowNode"
                description="Approve Request  for page/asset deletion"
                title="Approve Request  for page/asset deletion"
                type="PARTICIPANT">
            <metaData
                    jcr:primaryType="nt:unstructured"
                    PARTICIPANT="global-approvers"/>
        </node4>
        <node5
                jcr:primaryType="cq:WorkflowNode"
                description="Publish approved request for page/asset deletion"
                title="Publish approved request for page/asset deletion"
                type="PARTICIPANT">
            <metaData
                    jcr:primaryType="nt:unstructured"
                    PARTICIPANT="global-approvers"/>
        </node5>
        <node6
                jcr:primaryType="cq:WorkflowNode"
                description="A process to deactivate a page or asset."
                title="Deactivate Page/Asset"
                type="PROCESS">
            <metaData
                    jcr:primaryType="nt:unstructured"
                    PROCESS="com.day.cq.wcm.workflow.process.DeactivatePageProcess"
                    PROCESS_AUTO_ADVANCE="true"/>
        </node6>
        <node7
                jcr:primaryType="cq:WorkflowNode"
                description="A process to delete the given payload node"
                title="Delete Node"
                type="PROCESS">
            <metaData
                    jcr:primaryType="nt:unstructured"
                    PROCESS="/etc/workflow/scripts/delete.ecma"
                    PROCESS_AUTO_ADVANCE="true"/>
        </node7>
        <node8
                jcr:primaryType="cq:WorkflowNode"
                description="Approve Request  to unpublish page"
                title="Approve Request to unpublish page"
                type="PARTICIPANT">
            <metaData
                    jcr:primaryType="nt:unstructured"
                    PARTICIPANT="global-approvers"/>
        </node8>
        <node9
                jcr:primaryType="cq:WorkflowNode"
                description="Publish approved request to unpublish page"
                title="Publish approved request to unpublish page"
                type="PARTICIPANT">
            <metaData
                    jcr:primaryType="nt:unstructured"
                    PARTICIPANT="global-approvers"/>
        </node9>
        <node10
                jcr:primaryType="cq:WorkflowNode"
                description="A process to create a version for either a page or an asset."
                title="Create Version"
                type="PROCESS">
            <metaData
                    jcr:primaryType="nt:unstructured"
                    PROCESS="com.day.cq.wcm.workflow.process.CreateVersionProcess"
                    PROCESS_AUTO_ADVANCE="true"/>
        </node10>
        <node11
                jcr:primaryType="cq:WorkflowNode"
                description="Clean up the properties in the page node"
                title="Clean up the page node"
                type="PROCESS">
            <metaData
                    jcr:primaryType="nt:unstructured"
                    PROCESS="au.com.auspost.global.core.workflow.CleanUpPage"
                    PROCESS_AUTO_ADVANCE="true"/>
        </node11>
        <node12
                jcr:primaryType="cq:WorkflowNode"
                description="A process to deactivate a page/asset"
                title="Deactivate page/asset"
                type="PROCESS">
            <metaData
                    jcr:primaryType="nt:unstructured"
                    PROCESS="com.day.cq.wcm.workflow.process.DeactivatePageProcess"
                    PROCESS_AUTO_ADVANCE="true"/>
        </node12>
        <node13
                jcr:primaryType="cq:WorkflowNode"
                description="Approve Request  to publish page"
                title="Approve Request publish page"
                type="PARTICIPANT">
            <metaData
                    jcr:primaryType="nt:unstructured"
                    PARTICIPANT="global-approvers"/>
        </node13>
        <node14
                jcr:primaryType="cq:WorkflowNode"
                description="Publish approved request to publish page"
                title="Publish approved request to publish page"
                type="PARTICIPANT">
            <metaData
                    jcr:primaryType="nt:unstructured"
                    PARTICIPANT="global-approvers"/>
        </node14>
        <node15
                jcr:primaryType="cq:WorkflowNode"
                description="A process to create a version for either a page or an asset."
                title="Create Version"
                type="PROCESS">
            <metaData
                    jcr:primaryType="nt:unstructured"
                    PROCESS="com.day.cq.wcm.workflow.process.CreateVersionProcess"
                    PROCESS_AUTO_ADVANCE="true"/>
        </node15>
        <node16
                jcr:primaryType="cq:WorkflowNode"
                description="Clean up the properties in the page node"
                title="Clean up the page node"
                type="PROCESS">
            <metaData
                    jcr:primaryType="nt:unstructured"
                    PROCESS="au.com.auspost.global.core.workflow.CleanUpPage"
                    PROCESS_AUTO_ADVANCE="true"/>
        </node16>
        <node17
                jcr:primaryType="cq:WorkflowNode"
                description="A process to activate a page or asset"
                title="Activate Page/Asset"
                type="PROCESS">
            <metaData
                    jcr:primaryType="nt:unstructured"
                    PROCESS="com.day.cq.wcm.workflow.process.ActivatePageProcess"
                    PROCESS_AUTO_ADVANCE="true"/>
        </node17>
        <node18
                jcr:primaryType="cq:WorkflowNode"
                description="Reject Activation Workflow"
                title="Reject Activation Workflow"
                type="PROCESS">
            <metaData
                    jcr:primaryType="nt:unstructured"
                    PROCESS="au.com.auspost.global.core.workflow.RejectActivationWorkflow"
                    PROCESS_AUTO_ADVANCE="true"/>
        </node18>
        <node19
                jcr:primaryType="cq:WorkflowNode"
                title="End"
                type="END">
            <metaData jcr:primaryType="nt:unstructured"/>
        </node19>
    </nodes>
    <transitions jcr:primaryType="nt:unstructured">
        <node0_x0023_node1
                jcr:primaryType="cq:WorkflowTransition"
                from="node0"
                rule=""
                to="node1">
            <metaData jcr:primaryType="nt:unstructured"/>
        </node0_x0023_node1>
        <node1_x0023_node2
                jcr:primaryType="cq:WorkflowTransition"
                from="node1"
                to="node2">
            <metaData jcr:primaryType="nt:unstructured"/>
        </node1_x0023_node2>
        <node2_x0023_node4
                jcr:primaryType="cq:WorkflowTransition"
                from="node2"
                rule="/etc/workflow/scripts/auspost/CheckActionDelete.ecma"
                to="node4">
            <metaData
                    jcr:primaryType="nt:unstructured"
                    isDefault="false"/>
        </node2_x0023_node4>
        <node4_x0023_node5
                jcr:primaryType="cq:WorkflowTransition"
                from="node4"
                rule=""
                to="node5">
            <metaData jcr:primaryType="nt:unstructured"/>
        </node4_x0023_node5>
        <node5_x0023_node6
                jcr:primaryType="cq:WorkflowTransition"
                from="node5"
                rule=""
                to="node6">
            <metaData jcr:primaryType="nt:unstructured"/>
        </node5_x0023_node6>
        <node6_x0023_node7
                jcr:primaryType="cq:WorkflowTransition"
                from="node6"
                rule=""
                to="node7">
            <metaData jcr:primaryType="nt:unstructured"/>
        </node6_x0023_node7>
        <node7_x0023_node3
                jcr:primaryType="cq:WorkflowTransition"
                from="node7"
                to="node3">
            <metaData jcr:primaryType="nt:unstructured"/>
        </node7_x0023_node3>
        <node2_x0023_node8
                jcr:primaryType="cq:WorkflowTransition"
                from="node2"
                rule="/etc/workflow/scripts/auspost/CheckActionUnpublish.ecma"
                to="node8">
            <metaData
                    jcr:primaryType="nt:unstructured"
                    isDefault="false"/>
        </node2_x0023_node8>
        <node8_x0023_node9
                jcr:primaryType="cq:WorkflowTransition"
                from="node8"
                rule=""
                to="node9">
            <metaData jcr:primaryType="nt:unstructured"/>
        </node8_x0023_node9>
        <node9_x0023_node10
                jcr:primaryType="cq:WorkflowTransition"
                from="node9"
                rule=""
                to="node10">
            <metaData jcr:primaryType="nt:unstructured"/>
        </node9_x0023_node10>
        <node10_x0023_node11
                jcr:primaryType="cq:WorkflowTransition"
                from="node10"
                rule=""
                to="node11">
            <metaData jcr:primaryType="nt:unstructured"/>
        </node10_x0023_node11>
        <node11_x0023_node12
                jcr:primaryType="cq:WorkflowTransition"
                from="node11"
                rule=""
                to="node12">
            <metaData jcr:primaryType="nt:unstructured"/>
        </node11_x0023_node12>
        <node12_x0023_node3
                jcr:primaryType="cq:WorkflowTransition"
                from="node12"
                to="node3">
            <metaData jcr:primaryType="nt:unstructured"/>
        </node12_x0023_node3>
        <node2_x0023_node13
                jcr:primaryType="cq:WorkflowTransition"
                from="node2"
                rule="/etc/workflow/scripts/auspost/CheckActionPublish.ecma"
                to="node13">
            <metaData
                    jcr:primaryType="nt:unstructured"
                    isDefault="false"/>
        </node2_x0023_node13>
        <node13_x0023_node14
                jcr:primaryType="cq:WorkflowTransition"
                from="node13"
                rule=""
                to="node14">
            <metaData jcr:primaryType="nt:unstructured"/>
        </node13_x0023_node14>
        <node14_x0023_node15
                jcr:primaryType="cq:WorkflowTransition"
                from="node14"
                rule=""
                to="node15">
            <metaData jcr:primaryType="nt:unstructured"/>
        </node14_x0023_node15>
        <node15_x0023_node16
                jcr:primaryType="cq:WorkflowTransition"
                from="node15"
                rule=""
                to="node16">
            <metaData jcr:primaryType="nt:unstructured"/>
        </node15_x0023_node16>
        <node16_x0023_node17
                jcr:primaryType="cq:WorkflowTransition"
                from="node16"
                rule=""
                to="node17">
            <metaData jcr:primaryType="nt:unstructured"/>
        </node16_x0023_node17>
        <node17_x0023_node3
                jcr:primaryType="cq:WorkflowTransition"
                from="node17"
                to="node3">
            <metaData jcr:primaryType="nt:unstructured"/>
        </node17_x0023_node3>
        <node2_x0023_node18
                jcr:primaryType="cq:WorkflowTransition"
                from="node2"
                rule="/etc/workflow/scripts/auspost/CheckActionReject.ecma"
                to="node18">
            <metaData
                    jcr:primaryType="nt:unstructured"
                    isDefault="true"/>
        </node2_x0023_node18>
        <node18_x0023_node3
                jcr:primaryType="cq:WorkflowTransition"
                from="node18"
                to="node3">
            <metaData jcr:primaryType="nt:unstructured"/>
        </node18_x0023_node3>
        <node3_x0023_node19
                jcr:primaryType="cq:WorkflowTransition"
                from="node3"
                to="node19">
            <metaData jcr:primaryType="nt:unstructured"/>
        </node3_x0023_node19>
    </transitions>
</jcr:root>
