<?xml version="1.0" encoding="UTF-8"?>
<jcr:root xmlns:sling="http://sling.apache.org/jcr/sling/1.0" xmlns:cq="http://www.day.com/jcr/cq/1.0" xmlns:jcr="http://www.jcp.org/jcr/1.0" xmlns:nt="http://www.jcp.org/jcr/nt/1.0"
    jcr:primaryType="cq:Page">
    <clientlibs/>
    <jcr:content
        cq:doctype="html_5"
        cq:lastModified="{Date}2016-05-25T14:49:20.117+08:00"
        cq:lastModifiedBy="admin"
        cq:lastReplicated="{Date}2016-06-12T09:01:33.584+08:00"
        cq:lastReplicatedBy="leohee8"
        cq:lastReplicationAction="Activate"
        jcr:mixinTypes="[cq:ReplicationStatus]"
        jcr:primaryType="nt:unstructured"
        jcr:title="Strut Amway Site"
        sling:resourceType="wcm/core/components/designer">
        
         <iframe-page jcr:primaryType="nt:unstructured">
          <iframe-content-text-center
                jcr:lastModified="{Date}2016-03-22T15:40:55.936+08:00"
                jcr:lastModifiedBy="leohee8"
                jcr:primaryType="nt:unstructured"
                sling:resourceType="foundation/components/parsys"
                components="[/libs/foundation/components/image,/libs/foundation/components/text,/libs/foundation/components/textimage,/apps/corporate/amway-today/components/external-video,/apps/corporate/amway-today/components/iframe,/apps/corporate/amway-today/components/richtexteditor,/apps/corporate/amway-today/components/youtube-video,/apps/corporate/amway-today/components/poll-survey]">
                <section jcr:primaryType="nt:unstructured"/>
            </iframe-content-text-center>
            
        </iframe-page>
        
        <article-page jcr:primaryType="nt:unstructured">
            <article-header
                jcr:lastModified="{Date}2016-05-18T17:50:42.244+08:00"
                jcr:lastModifiedBy="leo-hee"
                jcr:primaryType="nt:unstructured"
                sling:resourceType="foundation/components/parsys"
                components="[/libs/foundation/components/image,/libs/foundation/components/video,/apps/corporate/amway-today/components/external-video]">
                <section
                    jcr:primaryType="nt:unstructured"
                    div.padding="0"/>
                <video
                    jcr:lastModified="{Date}2014-11-04T16:25:02.208+07:00"
                    jcr:lastModifiedBy="admin"
                    jcr:primaryType="nt:unstructured"
                    sling:resourceType="foundation/components/video"
                    flashPlayer="flvfallback"
                    profiles="[MP4 - autox720 px\, 400 kbps | MP4 - autox720 px\, 1000 kbps | MP4 - autox720 px\, 1400 kbps | MP4 - autox720 px\, 2600 kbps,flv,firefoxhq,MP4 - autox720 px\, 400 kbps | MP4 - autox720 px\, 1000 kbps | MP4 - autox720 px\, 1400 kbps | MP4 - autox720 px\, 2600 kbps,iehq]"
                    wmode="opaque"/>
            </article-header>
            <article-content-text-center
                jcr:lastModified="{Date}2016-03-22T15:40:55.936+08:00"
                jcr:lastModifiedBy="leohee8"
                jcr:primaryType="nt:unstructured"
                sling:resourceType="foundation/components/parsys"
                components="[/libs/foundation/components/image,/libs/foundation/components/text,/libs/foundation/components/textimage,/apps/corporate/amway-today/components/external-video]">
                <section jcr:primaryType="nt:unstructured"/>
            </article-content-text-center>
            <article-content-image
                jcr:lastModified="{Date}2016-03-30T13:53:34.450+08:00"
                jcr:lastModifiedBy="leohee8"
                jcr:primaryType="nt:unstructured"
                sling:resourceType="foundation/components/parsys"
                components="[/libs/foundation/components/image,/apps/corporate/amway-today/components/googlemap,/apps/corporate/amway-today/components/photo-gallery,/apps/corporate/amway-today/components/image-gallery,/apps/corporate/amway-today/components/image-gallery]">
                <section jcr:primaryType="nt:unstructured"/>
            </article-content-image>
            <article-content-text-footer
                jcr:lastModified="{Date}2014-10-29T13:51:30.296+07:00"
                jcr:lastModifiedBy="admin"
                jcr:primaryType="nt:unstructured"
                sling:resourceType="foundation/components/parsys"
                components="[/libs/foundation/components/text,/etc/clientlibs/social/hbs/comments,/apps/corporate/amway-today/components/comments">
                <section jcr:primaryType="nt:unstructured"/>
            </article-content-text-footer>
        </article-page>
        <home-page jcr:primaryType="nt:unstructured">
            <hero-article
                jcr:lastModified="{Date}2014-11-14T15:37:08.689+07:00"
                jcr:lastModifiedBy="admin"
                jcr:primaryType="nt:unstructured"
                sling:resourceType="foundation/components/parsys"
                components="[/apps/corporate/amway-today/components/hero-article,/apps/corporate/amway-today/components/hero-art-carousel]">
                <section jcr:primaryType="nt:unstructured"/>
            </hero-article>
            <user-profile
                jcr:lastModified="{Date}2016-05-25T14:49:20.113+08:00"
                jcr:lastModifiedBy="admin"
                jcr:primaryType="nt:unstructured"
                sling:resourceType="foundation/components/iparsys"
                components="[/apps/corporate/amway-today/components/sea/amwaytoday-login,/apps/corporate/amway-today/components/user-profile]">
                <section jcr:primaryType="nt:unstructured"/>
            </user-profile>
            <languages
                jcr:lastModified="{Date}2014-12-23T15:01:40.835+07:00"
                jcr:lastModifiedBy="admin"
                jcr:primaryType="nt:unstructured"
                sling:resourceType="foundation/components/iparsys"
                components="/apps/corporate/amway-today/components/languages">
                <section jcr:primaryType="nt:unstructured"/>
            </languages>
            <languages-footer
                jcr:lastModified="{Date}2014-12-23T18:45:34.543+07:00"
                jcr:lastModifiedBy="admin"
                jcr:primaryType="nt:unstructured"
                sling:resourceType="foundation/components/iparsys"
                components="/apps/corporate/amway-today/components/languages">
                <section jcr:primaryType="nt:unstructured"/>
            </languages-footer>
            <family-sites
                jcr:lastModified="{Date}2014-12-23T15:01:49.113+07:00"
                jcr:lastModifiedBy="admin"
                jcr:primaryType="nt:unstructured"
                sling:resourceType="foundation/components/iparsys"
                components="/apps/corporate/amway-today/components/family-sites">
                <section jcr:primaryType="nt:unstructured"/>
            </family-sites>
            <family-sites-footer
                jcr:lastModified="{Date}2014-12-23T18:26:36.001+07:00"
                jcr:lastModifiedBy="admin"
                jcr:primaryType="nt:unstructured"
                sling:resourceType="foundation/components/iparsys"
                components="/apps/corporate/amway-today/components/family-sites">
                <section jcr:primaryType="nt:unstructured"/>
            </family-sites-footer>
        </home-page>
        <blank-page jcr:primaryType="nt:unstructured">
            <par
                jcr:lastModified="{Date}2015-10-14T16:10:43.762+11:00"
                jcr:lastModifiedBy="admin"
                jcr:primaryType="nt:unstructured"
                sling:resourceType="foundation/components/parsys"
                components="/apps/corporate/amway-today/components/error-code">
                <section jcr:primaryType="nt:unstructured"/>
            </par>
        </blank-page>
        <contact-page jcr:primaryType="nt:unstructured">
            <contact-page
                jcr:lastModified="{Date}2016-05-10T19:26:54.244+08:00"
                jcr:lastModifiedBy="leo-hee"
                jcr:primaryType="nt:unstructured"
                sling:resourceType="foundation/components/parsys"
                components="/libs/foundation/components/text">
                <section jcr:primaryType="nt:unstructured"/>
            </contact-page>
        </contact-page>
    </jcr:content>
    <images/>
    <clientlibs-all/>
</jcr:root>
