{
	"card": {
		"imagePropName": "imagePathRef",
		"additionalProp": "imageLocation",
		"altTextProp": "imageAltText",
		"bottom": {
			"1600": "2340[2x],1170[1x]",
			"1170": "2340[2x],1170[1x]",
			"970": "2340[2x],1170[1x]",
			"680": "1940[2x],970[1x]",
			"480": "1360[2x],680[1x]"
		},
		"top": {
			"1600": "2340[2x],1170[1x]",
			"1170": "2340[2x],1170[1x]",
			"970": "2340[2x],1170[1x]",
			"680": "1940[2x],970[1x]",
			"480": "1360[2x],680[1x]"
		},
		"left": {
			"1600": "2340[2x],1170[1x]",
			"1170": "2340[2x],1170[1x]",
			"970": "2340[2x],1170[1x]",
			"680": "1940[2x],970[1x]",
			"480": "1360[2x],680[1x]"
		},
		"right": {
			"1600": "2340[2x],1170[1x]",
			"1170": "2340[2x],1170[1x]",
			"970": "2340[2x],1170[1x]",
			"680": "1940[2x],970[1x]",
			"480": "1360[2x],680[1x]"
		}
	},
	"hero-banner-microsites": {
		"imagePropName": "imagePathRefDesktop",
		"altTextProp": "imageAltText",
		"additionalProp": "imageSize",
		"small":{
			"1600": "3900[2x],2000[1x]",
			"1170": "3200[2x],1600[1x]",
			"970": "2340[2x],1170[1x]",
			"680": "1940[2x],970[1x]",
			"480": "1360[2x],680[1x]"
		},
		"large":{
			"1600": "3900[2x],2000[1x]",
			"1170": "3200[2x],1600[1x]",
			"970": "2340[2x],1170[1x]",
			"680": "1940[2x],970[1x]",
			"480": "1360[2x],680[1x]"
		}
	}
}
