<?xml version="1.0" encoding="UTF-8"?>
<jcr:root xmlns:sling="http://sling.apache.org/jcr/sling/1.0" xmlns:cq="http://www.day.com/jcr/cq/1.0" xmlns:jcr="http://www.jcp.org/jcr/1.0" xmlns:nt="http://www.jcp.org/jcr/nt/1.0"
    jcr:primaryType="cq:Page">
    <jcr:content
        jcr:mixinTypes="[sling:VanityPath]"
        jcr:primaryType="nt:unstructured"
        jcr:title="AEM Assets"
        sling:resourceType="granite/ui/components/foundation/page"
        sling:vanityOrder="{Long}291"
        sling:vanityPath="/assets">
        <head/>
        <body
            jcr:primaryType="nt:unstructured"
            sling:resourceType="granite/ui/components/foundation/page/body">
            <layout/>
            <rail/>
            <breadcrumbs/>
            <title/>
            <header/>
            <content/>
            <assetscontent/>
            <subassetscontent/>
        </body>
        <mimeTypeLookup/>
    </jcr:content>
    <downloadasset/>
    <haslicense/>
    <collectionspage/>
    <assetedit/>
    <csvedit/>
    <renditions/>
    <collectiondock/>
    <versioning/>
    <editors/>
    <lightboxassets/>
    <lightboxassetcount/>
    <miller/>
    <annotate/>
    <assetpage/>
    <ccsharewizard/>
    <foldersharewizard/>
    <licensecheck/>
    <metadataeditor/>
    <metadataeditorcollection/>
    <moveassetwizard/>
    <publishassetwizard/>
    <publishsetwizard/>
    <unpublishassetwizard/>
</jcr:root>
