<?xml version="1.0" encoding="UTF-8"?>
<jcr:root xmlns:sling="http://sling.apache.org/jcr/sling/1.0" xmlns:cq="http://www.day.com/jcr/cq/1.0" xmlns:jcr="http://www.jcp.org/jcr/1.0" xmlns:nt="http://www.jcp.org/jcr/nt/1.0"
          jcr:primaryType="nt:unstructured"
          jcr:title="Share Image"
          sling:resourceType="cq/gui/components/authoring/dialog"
          helpPath="http://www.adobe.com/go/aem6_1_docs_component_en#Image - Sightly">
    <content
            jcr:primaryType="nt:unstructured"
            sling:resourceType="granite/ui/components/foundation/container">
        <layout
                jcr:primaryType="nt:unstructured"
                sling:resourceType="granite/ui/components/foundation/layouts/tabs"
                type="nav"/>
        <items jcr:primaryType="nt:unstructured">
            <image
                    jcr:primaryType="nt:unstructured"
                    jcr:title="Logo Configuration"
                    sling:resourceType="granite/ui/components/foundation/section">
                <layout
                        jcr:primaryType="nt:unstructured"
                        sling:resourceType="granite/ui/components/foundation/layouts/fixedcolumns"
                        margin="{Boolean}false"/>
                <items jcr:primaryType="nt:unstructured">
                    <column
                            jcr:primaryType="nt:unstructured"
                            sling:resourceType="granite/ui/components/foundation/container">
                        <items jcr:primaryType="nt:unstructured">
                            <file
                                    jcr:primaryType="nt:unstructured"
                                    sling:resourceType="granite/ui/components/foundation/form/fileupload"
                                    autoStart="{Boolean}false"
                                    class="cq-droptarget"
                                    fieldLabel="Image asset"
                                    fileNameParameter="./fileName"
                                    mimeTypes="[image]"
                                    multiple="{Boolean}false"
                                    name="./file"
                                    title="Upload Image Asset"
                                    uploadUrl="${suffix.path}"
                                    useHTML5="{Boolean}true"/>
                            <title
                                    jcr:primaryType="nt:unstructured"
                                    sling:resourceType="granite/ui/components/foundation/form/textfield"
                                    fieldLabel="Title"
                                    name="./jcr:title"/>
                            <linkURL
                                    jcr:primaryType="nt:unstructured"
                                    sling:resourceType="granite/ui/components/foundation/form/pathbrowser"
                                    fieldLabel="Link to"
                                    name="./linkURL"
                                    rootPath="/content"/>
                            <alt
                                    jcr:primaryType="nt:unstructured"
                                    sling:resourceType="granite/ui/components/foundation/form/textfield"
                                    fieldDescription="Provide a textual alternative of the content and function of the image."
                                    fieldLabel="Alternative Text"
                                    name="./alt"/>
                            <decorative
                                    jcr:primaryType="nt:unstructured"
                                    sling:resourceType="granite/ui/components/foundation/form/checkbox"
                                    fieldDescription="Check if the image should be ignored by assistive technology. This applies to decorative images only."
                                    name="./isDecorative"
                                    text="Image is decorative"
                                    value="true"/>
                            <deleteIsDecorative
                                    jcr:primaryType="nt:unstructured"
                                    sling:resourceType="granite/ui/components/foundation/form/hidden"
                                    name="./isDecorative@Delete"
                                    value="true"/>
                        </items>
                    </column>
                </items>
            </image>
            <imageNoLink
                    jcr:primaryType="nt:unstructured"
                    jcr:title="Photo Configuration"
                    sling:resourceType="granite/ui/components/foundation/section">
                <layout
                        jcr:primaryType="nt:unstructured"
                        sling:resourceType="granite/ui/components/foundation/layouts/fixedcolumns"
                        margin="{Boolean}false"/>
                <items jcr:primaryType="nt:unstructured">
                    <column
                            jcr:primaryType="nt:unstructured"
                            sling:resourceType="granite/ui/components/foundation/container">
                        <items jcr:primaryType="nt:unstructured">
                            <file
                                    jcr:primaryType="nt:unstructured"
                                    sling:resourceType="granite/ui/components/foundation/form/fileupload"
                                    autoStart="{Boolean}false"
                                    class="cq-droptarget"
                                    fieldLabel="Image asset"
                                    fileNameParameter="./fileName"
                                    mimeTypes="[image]"
                                    multiple="{Boolean}false"
                                    name="./file"
                                    title="Upload Image Asset"
                                    uploadUrl="${suffix.path}"
                                    useHTML5="{Boolean}true"/>
                            <title
                                    jcr:primaryType="nt:unstructured"
                                    sling:resourceType="granite/ui/components/foundation/form/textfield"
                                    fieldLabel="Title"
                                    name="./jcr:title"/>
                            <alt
                                    jcr:primaryType="nt:unstructured"
                                    sling:resourceType="granite/ui/components/foundation/form/textfield"
                                    fieldDescription="Provide a textual alternative of the content and function of the image."
                                    fieldLabel="Alternative Text"
                                    name="./alt"/>
                            <decorative
                                    jcr:primaryType="nt:unstructured"
                                    sling:resourceType="granite/ui/components/foundation/form/checkbox"
                                    fieldDescription="Check if the image should be ignored by assistive technology. This applies to decorative images only."
                                    name="./isDecorative"
                                    text="Image is decorative"
                                    value="true"/>
                            <deleteIsDecorative
                                    jcr:primaryType="nt:unstructured"
                                    sling:resourceType="granite/ui/components/foundation/form/hidden"
                                    name="./isDecorative@Delete"
                                    value="true"/>
                        </items>
                    </column>
                </items>
            </imageNoLink>
            <configureNavigation
                    jcr:primaryType="nt:unstructured"
                    jcr:title="Nav Configuration"
                    sling:resourceType="granite/ui/components/foundation/section">
                <layout
                        jcr:primaryType="nt:unstructured"
                        sling:resourceType="granite/ui/components/foundation/layouts/fixedcolumns"/>
                <items jcr:primaryType="nt:unstructured">
                    <columns
                            jcr:primaryType="nt:unstructured"
                            sling:resourceType="granite/ui/components/foundation/container">
                        <items jcr:primaryType="nt:unstructured">
                            <linkpath
                                    jcr:primaryType="nt:unstructured"
                                    sling:resourceType="granite/ui/components/foundation/form/pathbrowser"
                                    fieldDescription="You can disable navigation for upto 1 page."
                                    fieldLabel="Disable Nav For this Page"
                                    name="./disableNavForPages"
                                    rootPath="/content"/>
                            <enableExternalLinks
                                    jcr:primaryType="nt:unstructured"
                                    sling:resourceType="granite/ui/components/foundation/form/multifield"
                                    fieldLabel="Add External Links to Nav">
                                <field
                                        jcr:primaryType="nt:unstructured"
                                        sling:resourceType="granite/ui/components/foundation/form/fieldset"
                                        acs-commons-nested=""
                                        name="./navAddtionalLinks">
                                    <layout
                                            jcr:primaryType="nt:unstructured"
                                            sling:resourceType="granite/ui/components/foundation/layouts/fixedcolumns"
                                            method="absolute"/>
                                    <items jcr:primaryType="nt:unstructured">
                                        <column
                                                jcr:primaryType="nt:unstructured"
                                                sling:resourceType="granite/ui/components/foundation/container">
                                            <items jcr:primaryType="nt:unstructured">
                                                <alt
                                                        jcr:primaryType="nt:unstructured"
                                                        sling:resourceType="granite/ui/components/foundation/form/textfield"
                                                        fieldLabel="Title"
                                                        name="./title"/>
                                                <linkpath
                                                        jcr:primaryType="nt:unstructured"
                                                        sling:resourceType="granite/ui/components/foundation/form/pathbrowser"
                                                        fieldLabel="Link Path"
                                                        name="./pagePath"
                                                        rootPath="/content"/>
                                                <analyticsTitle
                                                        jcr:primaryType="nt:unstructured"
                                                        sling:resourceType="granite/ui/components/foundation/form/textfield"
                                                        fieldLabel="URL Parameters"
                                                        name="./urlParams"/>
                                                <decorative
                                                        jcr:primaryType="nt:unstructured"
                                                        sling:resourceType="granite/ui/components/foundation/form/checkbox"
                                                        fieldDescription="Open in New Tab?"
                                                        name="./newTab"
                                                        value="on"
                                                        text="Open in New Tab"/>
                                            </items>
                                        </column>
                                    </items>
                                </field>
                            </enableExternalLinks>
                        </items>
                    </columns>
                </items>
            </configureNavigation>
        </items>
    </content>
</jcr:root>
