<?xml version="1.0" encoding="UTF-8"?>
<jcr:root xmlns:sling="http://sling.apache.org/jcr/sling/1.0" xmlns:cq="http://www.day.com/jcr/cq/1.0" xmlns:jcr="http://www.jcp.org/jcr/1.0" xmlns:nt="http://www.jcp.org/jcr/nt/1.0"
    jcr:isCheckedOut="{Boolean}false"
    jcr:primaryType="cq:WorkflowModel"
    jcr:uuid="e019dffc-e4db-4895-8907-3e9eb20ba1f9"
    sling:resourceType="cq/workflow/components/model"
    description="This is an amway today modified version of the default request for deactivation workflow"
    title="Request for Deactivation">
    <metaData
        cq:lastModified="{Long}1429834080844"
        cq:lastModifiedBy="admin"
        jcr:primaryType="nt:unstructured"
        tags="wcm"/>
    <nodes jcr:primaryType="nt:unstructured">
        <node0
            jcr:primaryType="cq:WorkflowNode"
            title="Start"
            type="START">
            <metaData jcr:primaryType="nt:unstructured"/>
        </node0>
        <node1
            jcr:primaryType="cq:WorkflowNode"
            title="OR_SPLIT"
            type="OR_SPLIT">
            <metaData jcr:primaryType="nt:unstructured"/>
        </node1>
        <node2
            jcr:primaryType="cq:WorkflowNode"
            title="OR_JOIN"
            type="OR_JOIN">
            <metaData jcr:primaryType="nt:unstructured"/>
        </node2>
        <node3
            jcr:primaryType="cq:WorkflowNode"
            description="Please deactivate page"
            title="Request for deactivation"
            type="PARTICIPANT">
            <metaData
                jcr:primaryType="nt:unstructured"
                DO_NOTIFY="true"
                PARTICIPANT="administrators"/>
        </node3>
        <node4
            jcr:primaryType="cq:WorkflowNode"
            description="Waiting for deactivation until the scheduled time is reached"
            title="Waiting for deactivation"
            type="PARTICIPANT">
            <metaData
                jcr:primaryType="nt:unstructured"
                PARTICIPANT="administrators"
                timeoutHandler="com.day.cq.workflow.timeout.autoadvance.AbsoluteTimeAutoAdvancer"
                timeoutMillis="0"/>
        </node4>
        <node5
            jcr:primaryType="cq:WorkflowNode"
            description="Deactivates the page/asset."
            title="Deactivate Page/Asset"
            type="PROCESS">
            <metaData
                jcr:primaryType="nt:unstructured"
                PROCESS="com.day.cq.wcm.workflow.process.DeactivatePageProcess"
                PROCESS_AUTO_ADVANCE="true"/>
        </node5>
        <node6
            jcr:primaryType="cq:WorkflowNode"
            title="Request Staff Editor for deactivation"
            type="PARTICIPANT">
            <metaData
                jcr:primaryType="nt:unstructured"
                DO_NOTIFY="true"
                PARTICIPANT="staff-editors"/>
        </node6>
        <node7
            jcr:primaryType="cq:WorkflowNode"
            title="Deactivate Page/Asset"
            type="PROCESS">
            <metaData
                jcr:primaryType="nt:unstructured"
                PROCESS="com.day.cq.wcm.workflow.process.DeactivatePageProcess"
                PROCESS_AUTO_ADVANCE="true"/>
        </node7>
        <node8
            jcr:primaryType="cq:WorkflowNode"
            title="End"
            type="END">
            <metaData jcr:primaryType="nt:unstructured"/>
        </node8>
    </nodes>
    <transitions jcr:primaryType="nt:unstructured">
        <node0_x0023_node1
            jcr:primaryType="cq:WorkflowTransition"
            from="node0"
            to="node1">
            <metaData jcr:primaryType="nt:unstructured"/>
        </node0_x0023_node1>
        <node1_x0023_node3
            jcr:primaryType="cq:WorkflowTransition"
            from="node1"
            rule="/etc/workflow/scripts/corporate/amway-today/amwaytoday-non-site-path-check.ecma"
            to="node3">
            <metaData
                jcr:primaryType="nt:unstructured"
                isDefault="false"/>
        </node1_x0023_node3>
        <node3_x0023_node4
            jcr:primaryType="cq:WorkflowTransition"
            from="node3"
            rule=""
            to="node4">
            <metaData jcr:primaryType="nt:unstructured"/>
        </node3_x0023_node4>
        <node4_x0023_node5
            jcr:primaryType="cq:WorkflowTransition"
            from="node4"
            rule=""
            to="node5">
            <metaData jcr:primaryType="nt:unstructured"/>
        </node4_x0023_node5>
        <node5_x0023_node2
            jcr:primaryType="cq:WorkflowTransition"
            from="node5"
            to="node2">
            <metaData jcr:primaryType="nt:unstructured"/>
        </node5_x0023_node2>
        <node1_x0023_node6
            jcr:primaryType="cq:WorkflowTransition"
            from="node1"
            rule="/etc/workflow/scripts/corporate/amway-today/amwaytoday-site-path-check.ecma"
            to="node6">
            <metaData
                jcr:primaryType="nt:unstructured"
                isDefault="false"/>
        </node1_x0023_node6>
        <node6_x0023_node7
            jcr:primaryType="cq:WorkflowTransition"
            from="node6"
            rule=""
            to="node7">
            <metaData jcr:primaryType="nt:unstructured"/>
        </node6_x0023_node7>
        <node7_x0023_node2
            jcr:primaryType="cq:WorkflowTransition"
            from="node7"
            to="node2">
            <metaData jcr:primaryType="nt:unstructured"/>
        </node7_x0023_node2>
        <node2_x0023_node8
            jcr:primaryType="cq:WorkflowTransition"
            from="node2"
            to="node8">
            <metaData jcr:primaryType="nt:unstructured"/>
        </node2_x0023_node8>
    </transitions>
</jcr:root>
