<?xml version="1.0" encoding="UTF-8"?>
<jcr:root xmlns:cq="http://www.day.com/jcr/cq/1.0" xmlns:jcr="http://www.jcp.org/jcr/1.0"
	xmlns:nt="http://www.jcp.org/jcr/nt/1.0" jcr:primaryType="cq:Dialog"
	height="230" xtype="dialog">
	<items jcr:primaryType="cq:Widget" xtype="tabpanel">
		<items jcr:primaryType="cq:WidgetCollection">
			<tab1 jcr:primaryType="cq:Panel" title="Resource Types">
				<items jcr:primaryType="cq:WidgetCollection">
					<commentype jcr:primaryType="nt:unstructured"
						allowBlank="true" fieldLabel="Comment Resource Type" name="./commentresourcetype"
						predicate="nosystem" rootPath="/apps" showTitlesInTree="false"
						xtype="pathfield" />
					<votingtype jcr:primaryType="nt:unstructured"
						allowBlank="true" fieldLabel="Voting Resource Type" name="./votingresourcetype"
						predicate="nosystem" rootPath="/apps" showTitlesInTree="false"
						xtype="pathfield" />
					<votingRoot jcr:primaryType="cq:Widget" ignoreData="true"
						name="./votingRoot" value="voting" xtype="hidden" />
					<commentsystemtype jcr:primaryType="nt:unstructured"
						allowBlank="true"
						fieldLabel="Comment System Resource Type (use this when including the component dynamically)"
						name="../commentsystemresourcetype" predicate="nosystem" rootPath="/"
						showTitlesInTree="false" xtype="pathfield" />
				</items>
			</tab1>
		</items>
	</items>
</jcr:root>
