<?xml version="1.0" encoding="UTF-8"?>
<jcr:root xmlns:sling="http://sling.apache.org/jcr/sling/1.0" xmlns:jcr="http://www.jcp.org/jcr/1.0"
    jcr:primaryType="sling:OrderedFolder">
    <glyphicons-halflings-regular.ttf/>
    <glyphicons-halflings-regular.woff/>
    <glyphicons-halflings-regular.eot/>
    <glyphicons-halflings-regular.svg/>
    <ThaiSansNeue-Regular.otf/>
    <ThaiSansNeue-Bold.otf/>
    <Chocolate_Covered_Raindrops.ttf/>
    <Chocolate_Covered_Raindrops_BOLD.ttf/>
</jcr:root>
