<?xml version="1.0" encoding="UTF-8"?>
<jcr:root xmlns:sling="http://sling.apache.org/jcr/sling/1.0" xmlns:cq="http://www.day.com/jcr/cq/1.0" xmlns:jcr="http://www.jcp.org/jcr/1.0" xmlns:nt="http://www.jcp.org/jcr/nt/1.0"
          jcr:isCheckedOut="{Boolean}false"
          jcr:primaryType="cq:WorkflowModel"
          jcr:uuid="e4074c84-be4a-47e5-acb1-15ffe3cc1c25"
          sling:resourceType="cq/workflow/components/model"
          description="No Description"
          title="Auspost Reject Activation Workflow">
    <metaData
            cq:lastModified="{Long}1460884908025"
            cq:lastModifiedBy="admin"
            jcr:primaryType="nt:unstructured"/>
    <nodes jcr:primaryType="nt:unstructured">
        <node0
                jcr:primaryType="cq:WorkflowNode"
                title="Start"
                type="START">
            <metaData jcr:primaryType="nt:unstructured"/>
        </node0>
        <node1
                jcr:primaryType="cq:WorkflowNode"
                description="Reject Activation Workflow"
                title="Reject Activation Workflow"
                type="PROCESS">
            <metaData
                    jcr:primaryType="nt:unstructured"
                    PROCESS="au.com.auspost.global.core.workflow.RejectActivationWorkflow"
                    PROCESS_AUTO_ADVANCE="true"/>
        </node1>
        <node2
                jcr:primaryType="cq:WorkflowNode"
                description="Clean up page properties"
                title="Clean up page properties"
                type="PROCESS">
            <metaData
                    jcr:primaryType="nt:unstructured"
                    PROCESS="com.nab.ewcs.nabrwd.common.cq.workflow.CleanUpPage"
                    PROCESS_AUTO_ADVANCE="true"/>
        </node2>
        <node3
                jcr:primaryType="cq:WorkflowNode"
                title="End"
                type="END">
            <metaData jcr:primaryType="nt:unstructured"/>
        </node3>
    </nodes>
    <transitions jcr:primaryType="nt:unstructured">
        <node0_x0023_node1
                jcr:primaryType="cq:WorkflowTransition"
                from="node0"
                rule=""
                to="node1">
            <metaData jcr:primaryType="nt:unstructured"/>
        </node0_x0023_node1>
        <node1_x0023_node2
                jcr:primaryType="cq:WorkflowTransition"
                from="node1"
                rule=""
                to="node2">
            <metaData jcr:primaryType="nt:unstructured"/>
        </node1_x0023_node2>
        <node2_x0023_node3
                jcr:primaryType="cq:WorkflowTransition"
                from="node2"
                to="node3">
            <metaData jcr:primaryType="nt:unstructured"/>
        </node2_x0023_node3>
    </transitions>
</jcr:root>
