<?xml version="1.0" encoding="UTF-8"?>
<jcr:root xmlns:sling="http://sling.apache.org/jcr/sling/1.0" xmlns:cq="http://www.day.com/jcr/cq/1.0" xmlns:jcr="http://www.jcp.org/jcr/1.0" xmlns:nt="http://www.jcp.org/jcr/nt/1.0" xmlns:rep="internal"
    jcr:mixinTypes="[rep:AccessControllable]"
    jcr:primaryType="cq:Page">
    <most-popular/>
    <toolbar/>
    <jcr:content
        cq:allowedTemplates="[/apps/corporate/amway-today/templates/.*,/libs/collab/blog/templates/.*]"
        cq:designPath="/etc/designs/corporate/amway-today"
        cq:deviceIdentificationMode="client-side"
        cq:lastModified="{Date}2014-10-28T13:29:12.894+07:00"
        cq:lastModifiedBy="admin"
        jcr:mixinTypes="[sling:VanityPath]"
        jcr:primaryType="nt:unstructured"
        jcr:title="English"
        sling:redirect="{Boolean}true"
        sling:redirectStatus="{Long}302"
        sling:resourceType="corporate/amway-today/components/home-page"
        errorPages="/content/asia-pac/australia-new-zealand/australia/amway-today/en_au/errors"
        sling:vanityOrder="{Long}500"/>
    <events/>
    <abo-blogger/>
    <health/>
    <at-home/>
    <Amway-stories/>
    <amway-smart-tv/>
    <imager-gallery/>
    <video-gallery/>
    <beauty/>
    <lifestyle/>
    <family-sites/>
    <rep:policy/>
</jcr:root>
